"역번호",역사명,노선번호,노선명,영문역사명,한자역사명,환승역구분,환승노선번호,환승노선명,역위도,역경도,운영기관명,역사도로명주소,역사전화번호,데이터기준일자
0150,서울역,S1101,서울 도시철도 1호선,Seoul Station,首爾站,환승역,S1104+I4107,서울 도시철도 4호선+경의중앙선,37.55575305,126.9724563,서울교통공사,서울특별시 중구 세종대로 지하 2 (남대문로 5가),02-6110-1331,2021-04-09
0151,시청,S1101,서울 도시철도 1호선,City Hall,市廳,환승역,S1102,서울 도시철도 2호선,37.56471664,126.9767513,서울교통공사,서울특별시 중구 세종대로 지하 101 (정동),02-6110-1321,2021-04-09
0152,종각,S1101,서울 도시철도 1호선,Jonggak,鐘閣,일반역,,,37.57020349,126.9829483,서울교통공사,서울특별시 종로구 종로 지하 55 (종로1가),02-6110-1311,2021-04-09
0153,종로3가,S1101,서울 도시철도 1호선,Jongno 3(sam)-ga,鍾路三街,환승역,S1103+S1105,서울 도시철도 3호선+서울 도시철도 5호선,37.57139366,126.9914115,서울교통공사,서울특별시 종로구 종로 지하 129 (종로3가),02-6110-1301,2021-04-09
0154,종로5가,S1101,서울 도시철도 1호선,Jongno 5(o)-ga,鐘路五街,일반역,,,37.57100685,127.001799,서울교통공사,서울특별시 종로구 종로 지하 216  (종로5가),02-6110-1291,2021-04-09
0155,동대문,S1101,서울 도시철도 1호선,Dongdaemun,東大門,환승역,S1104,서울 도시철도 4호선,37.57129132,127.0101189,서울교통공사,서울특별시 종로구 종로 지하 302 (창신동),02-6110-1281,2021-04-09
0156,신설동,S1101,서울 도시철도 1호선,Sinseol-dong,新設洞,환승역,S1102,서울 도시철도 2호선+우이신설,37.57528723,127.0249104,서울교통공사,서울특별시 동대문구 왕산로 지하 1 (신설동),02-6110-1261,2021-04-09
0157,제기동,S1101,서울 도시철도 1호선,Jegi-dong,祭基洞,일반역,,,37.57812027,127.0344966,서울교통공사,서울특별시 동대문구 왕산로 지하 93 (제기동),02-6110-1251,2021-04-09
0158,청량리,S1101,서울 도시철도 1호선,Cheongnyangni,淸凉里,환승역,I4105+I4107+I4109,분당선+경의중앙선+경춘선,37.5801441,127.0457768,서울교통공사,서울특별시 동대문구 왕산로 지하 205(전농동),02-6110-1241,2021-04-09
0159,동묘앞,S1101,서울 도시철도 1호선,Dongmyo,東廟,환승역,S1106,서울 도시철도 6호선,37.57253741,127.0155932,서울교통공사,서울특별시 종로구 종로 359 (숭인동),02-6110-1271,2021-04-09
0200,까치산,S1102,서울 도시철도 2호선,Kkachisan,喜鵲山,일반역,,,37.53168373,126.8467432,서울교통공사,서울특별시 강서구 강서로 지하54(화곡동),02-6311-5181,2021-04-09
0201,시청,S1102,서울 도시철도 2호선,City Hall,市廳,환승역,S1101,서울 도시철도 1호선,37.56461852,126.9760864,서울교통공사,서울특별시 중구 세종대로 지하 101 (정동),02-6110-2011,2021-04-09
0202,을지로입구,S1102,서울 도시철도 2호선,Euljiro 1(il)-ga,乙支路入口,일반역,,,37.56597747,126.9825045,서울교통공사,서울특별시 중구 을지로 지하 42 (을지로1가),02-6110-2021,2021-04-09
0203,을지로3가,S1102,서울 도시철도 2호선,Euljiro 3(sam)-ga,乙支路三街,환승역,S1103,서울 도시철도 3호선,37.56634826,126.991482,서울교통공사,서울특별시 중구 을지로 지하 106 (을지로3가),02-6110-2031,2021-04-09
0204,을지로4가,S1102,서울 도시철도 2호선,Euljiro 4(sa)-ga,乙支路四街,환승역,S1105,서울 도시철도 5호선,37.56682797,126.9979016,서울교통공사,서울특별시 중구 을지로 지하 178 (을지로4가),02-6110-2041,2021-04-09
0205,동대문역사문화공원,S1102,서울 도시철도 2호선,Dongdaemun History & Culture Park,東大門歷史文化公園,환승역,S1104+S1105,서울 도시철도 4호선+서울 도시철도 5호선,37.56500251,127.007394,서울교통공사,서울특별시 중구 을지로 지하 279 (을지로7가),02-6110-2051,2021-04-09
0206,신당,S1102,서울 도시철도 2호선,Sindang,新堂,환승역,S1106,서울 도시철도 6호선,37.56582912,127.0181023,서울교통공사,서울특별시 중구 퇴계로 지하 431-1 (신당동),02-6110-2061,2021-04-09
0207,상왕십리,S1102,서울 도시철도 2호선,Sangwangsimni,上往十里,일반역,,,37.56417104,127.0293524,서울교통공사,서울특별시 성동구 왕십리로 지하 374 (하왕십리동),02-6110-2071,2021-04-09
0208,왕십리,S1102,서울 도시철도 2호선,Wangsimni,往十里,환승역,S1105+I4105+I4107,서울 도시철도 5호선+분당선+경의중앙선,37.56152516,127.0375076,서울교통공사,서울특별시 성동구 왕십리로 지하300(행당동),02-6110-2081,2021-04-09
0209,한양대,S1102,서울 도시철도 2호선,Hanyang Univ.,漢陽大,일반역,,,37.55522179,127.0434917,서울교통공사,서울특별시 성동구 왕십리로 206 (행당동),02-6110-2091,2021-04-09
0210,뚝섬,S1102,서울 도시철도 2호선,Ttukseom,纛島,일반역,,,37.54712239,127.0473648,서울교통공사,서울특별시 성동구 아차산로 18 (성수동1가),02-6110-2101,2021-04-09
0211,성수,S1102,서울 도시철도 2호선,Seongsu,聖水,일반역,,,37.5444338,127.0559893,서울교통공사,서울특별시 성동구 아차산로 100 (성수동2가),02-6110-2111,2021-04-09
0212,건대입구,S1102,서울 도시철도 2호선,Konkuk Univ.,建大入口,환승역,S1107,서울 도시철도 7호선,37.54060889,127.0700628,서울교통공사,서울특별시 광진구 아차산로 243 (화양동),02-6110-2121,2021-04-09
0213,구의,S1102,서울 도시철도 2호선,Guui,九宜,일반역,,,37.53691864,127.0857297,서울교통공사,서울특별시 광진구 아차산로 384-1 (구의동),02-6110-2131,2021-04-09
0214,강변,S1102,서울 도시철도 2호선,Gangbyeon,江邊,일반역,,,37.53487706,127.0946944,서울교통공사,서울특별시 광진구 강변역로 53 (구의동),02-6110-2141,2021-04-09
0215,잠실나루,S1102,서울 도시철도 2호선,Jamsillaru,蠶室渡口,일반역,,,37.52054808,127.1036977,서울교통공사,서울특별시 송파구 오금로 20 (신천동),02-6110-2151,2021-04-09
0216,잠실,S1102,서울 도시철도 2호선,Jamsil,蠶室,환승역,S1108,서울 도시철도 8호선,37.51376934,127.1021882,서울교통공사,서울특별시 송파구 올림픽로 지하 265 (잠실동),02-6110-2161,2021-04-09
0217,잠실새내,S1102,서울 도시철도 2호선,Jamsilsaenae,蠶室-驛,일반역,,,37.51141143,127.0860068,서울교통공사,서울특별시 송파구 올림픽로 지하 140 (잠실동),02-6110-2171,2021-04-09
0218,종합운동장,S1102,서울 도시철도 2호선,Sports Complex,綜合運動場,환승역,S1109,서울 도시철도 9호선,37.51106095,127.073542,서울교통공사,서울특별시 송파구 올림픽로 지하 23 (잠실동),02-6110-2181,2021-04-09
0219,삼성,S1102,서울 도시철도 2호선,Samseong,三成,일반역,,,37.5086936,127.063165,서울교통공사,서울특별시 강남구 테헤란로 지하 538 (삼성동),02-6110-2191,2021-04-09
0220,선릉,S1102,서울 도시철도 2호선,Seolleung,宣陵,환승역,I4105,분당선,37.50437895,127.0486966,서울교통공사,서울특별시 강남구 테헤란로 지하 340 (삼성동),02-6110-2201,2021-04-09
0221,역삼,S1102,서울 도시철도 2호선,Yeoksam,驛三,일반역,,,37.50054496,127.0363944,서울교통공사,서울특별시 강남구 테헤란로 지하 156 (역삼동),02-6110-2211,2021-04-09
0222,강남,S1102,서울 도시철도 2호선,Gangnam,江南,환승역,I1102,신분당선,37.49720244,127.0280537,서울교통공사,서울특별시 강남구 강남대로 지하 396 (역삼동),02-6110-2221,2021-04-09
0223,교대,S1102,서울 도시철도 2호선,Seoul Nat`l Univ. of Education,敎大,환승역,S1103,서울 도시철도 3호선,37.49320061,127.0142237,서울교통공사,서울특별시 서초구 서초대로 지하 294 (서초동),02-6110-2231,2021-04-09
0224,서초,S1102,서울 도시철도 2호선,Seocho,瑞草,일반역,,,37.49178284,127.0075972,서울교통공사,서울특별시 서초구 서초대로 지하 233 (서초동),02-6110-2241,2021-04-09
0225,방배,S1102,서울 도시철도 2호선,Bangbae,方背,일반역,,,37.48130245,126.997636,서울교통공사,서울특별시 서초구 방배로 지하 80 (방배동),02-6110-2251,2021-04-09
0226,사당,S1102,서울 도시철도 2호선,Sadang,舍堂,환승역,S1104,서울 도시철도 4호선,37.4767992,126.9816245,서울교통공사,서울특별시 동작구 남부순환로 지하 2089 (사당동),02-6110-2261,2021-04-09
0227,낙성대,S1102,서울 도시철도 2호선,Nakseongdae,落星垈,일반역,,,37.47692607,126.9636002,서울교통공사,서울특별시 관악구 남부순환로 지하 1928 (봉천동),02-6110-2271,2021-04-09
0228,서울대입구,S1102,서울 도시철도 2호선,Seoul Nat`l Univ.,首爾大入口,일반역,,,37.48103059,126.9526269,서울교통공사,서울특별시 관악구 남부순환로 지하 1822 (봉천동),02-6110-2281,2021-04-09
0229,봉천,S1102,서울 도시철도 2호선,Bongcheon,奉天,일반역,,,37.48245978,126.9418478,서울교통공사,서울특별시 관악구 남부순환로 지하 1721 (봉천동),02-6110-2291,2021-04-09
0230,신림,S1102,서울 도시철도 2호선,Sillim,新林,일반역,,,37.48420085,126.9295937,서울교통공사,서울특별시 관악구 남부순환로 지하 1614 (신림동),02-6110-2301,2021-04-09
0231,신대방,S1102,서울 도시철도 2호선,Sindaebang,新大方,일반역,,,37.48741288,126.9135942,서울교통공사,서울특별시 동작구 대림로 2 (신대방동),02-6110-2311,2021-04-09
0232,구로디지털단지,S1102,서울 도시철도 2호선,Guro Digital Complex,九老數碼團地,일반역,,,37.48516215,126.9014847,서울교통공사,서울특별시 구로구 도림천로 477 (구로동),02-6110-2321,2021-04-09
0233,대림,S1102,서울 도시철도 2호선,Daerim,大林,일반역,,,37.49307207,126.8957105,서울교통공사,서울 구로구 구로6동 125-66,02-6110-2331,2021-04-09
0234,신도림,S1102,서울 도시철도 2호선,Sindorim,新道林,환승역,S1101,서울 도시철도 1호선,37.50874994,126.8912511,서울교통공사,서울특별시 구로구 새말로 지하 117-21 (신도림동),02-6110-2341,2021-04-09
0235,문래,S1102,서울 도시철도 2호선,Mullae,文來,일반역,,,37.51779736,126.8945439,서울교통공사,서울특별시 영등포구 당산로 지하 28 (문래동3가),02-6110-2351,2021-04-09
0236,영등포구청,S1102,서울 도시철도 2호선,Yeongdeungpo-gu Office,永登浦區廳,환승역,S1105,서울 도시철도 5호선,37.52524847,126.8958333,서울교통공사,서울특별시 영등포구 당산로 지하 121 (당산동3가),02-6110-2361,2021-04-09
0237,당산,S1102,서울 도시철도 2호선,Dangsan,堂山,환승역,S1109,서울 도시철도 9호선,37.53425753,126.9024241,서울교통공사,서울특별시 영등포구 당산로 229 (당산동 6가),02-6110-2371,2021-04-09
0238,합정,S1102,서울 도시철도 2호선,Hapjeong,合井,환승역,S1106,서울 도시철도 6호선,37.54959888,126.9141239,서울교통공사,서울특별시 마포구 양화로 지하 55 (서교동),02-6110-2381,2021-04-09
0239,홍대입구,S1102,서울 도시철도 2호선,Hongik Univ.,弘大入口,환승역,I4107+I2801,경의중앙선+공항선,37.55701523,126.9249829,서울교통공사,서울특별시 마포구 양화로 지하160 (동교동),02-6110-2391,2021-04-09
0240,신촌,S1102,서울 도시철도 2호선,Sinchon,新村,일반역,,,37.555342,126.9368826,서울교통공사,서울특별시 마포구 신촌로 지하 90 (노고산동),02-6110-2401,2021-04-09
0241,이대,S1102,서울 도시철도 2호선,Ewha Womans Univ.,梨花女子大學,일반역,,,37.55672128,126.945801,서울교통공사,서울특별시 마포구 신촌로 지하 180 (염리동),02-6110-2411,2021-04-09
0242,아현,S1102,서울 도시철도 2호선,Ahyeon,阿峴,일반역,,,37.55721977,126.9561295,서울교통공사,서울특별시 마포구 신촌로 지하 270 (아현동),02-6110-2421,2021-04-09
0243,충정로,S1102,서울 도시철도 2호선,Chungjeongno,忠正路,환승역,S1105,서울 도시철도 5호선,37.56022847,126.9634503,서울교통공사,서울특별시 서대문구 서소문로 지하 17 (충정로3가),02-6110-2431,2021-04-09
0244,용답,S1102,서울 도시철도 2호선,Yongdap,龍踏,일반역,,,37.56183232,127.050871,서울교통공사,서울특별시 성동구 용답길 86 (용답동),02-6110-1341,2021-04-09
0245,신답,S1102,서울 도시철도 2호선,Sindap,新踏,일반역,,,37.56961893,127.0468598,서울교통공사,서울특별시 성동구 천호대로 232 (용답동),02-6110-1351,2021-04-09
0246,신설동,S1102,서울 도시철도 2호선,Sinseol-dong,新設洞,환승역,S1101,서울 도시철도 1호선+우의신설,37.57519632,127.0248584,서울교통공사,서울특별시 동대문구 왕산로 지하 1 (신설동),02-6110-1371,2021-04-09
0247,도림천,S1102,서울 도시철도 2호선,Dorimcheon,道林川,일반역,,,37.51420522,126.8827022,서울교통공사,서울특별시 구로구 경인로 67길 160 (신도림동),02-6110-2441,2021-04-09
0248,양천구청,S1102,서울 도시철도 2호선,Yangcheon-gu Office,陽川區廳,일반역,,,37.51205148,126.8656075,서울교통공사,서울특별시 양천구 목동로3길 지하 33(신정동),02-6110-2451,2021-04-09
0249,신정네거리,S1102,서울 도시철도 2호선,Sinjeongnegeori,新亭十字路口,일반역,,,37.51999688,126.8528986,서울교통공사,서울특별시 양천구 중앙로 지하 261 (신정동),02-6110-2461,2021-04-09
0250,용두,S1102,서울 도시철도 2호선,Yongdu,龍頭,일반역,,,37.57389197,127.0379098,서울교통공사,서울특별시 동대문구 천호대로 지하 129,02-6110-1361,2021-04-09
0309,지축,S1103,서울 도시철도 3호선,Jichuk,紙木丑,일반역,,,37.64793834,126.9137407,서울교통공사,경기도 고양시 덕양구 삼송로 300 (지축동),02-6110-3191,2021-04-09
0310,구파발,S1103,서울 도시철도 3호선,Gupabal,舊把撥,일반역,,,37.63664912,126.9187832,서울교통공사,서울특별시 은평구 진관2로 지하 15-25 (진관동),02-6110-3201,2021-04-09
0311,연신내,S1103,서울 도시철도 3호선,Yeonsinnae,延臣川,환승역,S1106,서울 도시철도 6호선,37.61881292,126.9208158,서울교통공사,서울특별시 은평구 통일로 지하 849 (갈현동),02-6110-3211,2021-04-09
0312,불광,S1103,서울 도시철도 3호선,Bulgwang,佛光,환승역,S1106,서울 도시철도 6호선,37.61013354,126.9296281,서울교통공사,"서울특별시 은평구 통일로 지하 723-1 (대조동, 3호선 불광역)",02-6110-3221,2021-04-09
0313,녹번,S1103,서울 도시철도 3호선,Nokbeon,碌磻,일반역,,,37.60085525,126.935753,서울교통공사,서울특별시 은평구 통일로 지하 602-1 (녹번동),02-6110-3231,2021-04-09
0314,홍제,S1103,서울 도시철도 3호선,Hongje,弘濟,일반역,,,37.58852355,126.944165,서울교통공사,서울특별시 서대문구 통일로 지하 440-1 (홍제동),02-6110-3241,2021-04-09
0315,무악재,S1103,서울 도시철도 3호선,Muakjae,毋岳齋,일반역,,,37.58211864,126.9501814,서울교통공사,서울특별시 서대문구 통일로 지하 361 (홍제동),02-6110-3251,2021-04-09
0316,독립문,S1103,서울 도시철도 3호선,Dongnimmun,獨立門,일반역,,,37.57448506,126.9578508,서울교통공사,서울특별시 서대문구 통일로 지하 247 (현저동),02-6110-3261,2021-04-09
0317,경복궁,S1103,서울 도시철도 3호선,Gyeongbokgung,景福宮,일반역,,,37.57560542,126.9734832,서울교통공사,서울특별시 종로구 사직로 지하 130 (적선동),02-6110-3271,2021-04-09
0318,안국,S1103,서울 도시철도 3호선,Anguk,安國,일반역,,,37.57666379,126.9854787,서울교통공사,서울특별시 종로구 율곡로 지하 62 (안국동),02-6110-3281,2021-04-09
0319,종로3가,S1103,서울 도시철도 3호선,Jongno 3(sam)-ga,鍾路3街,환승역,S1101+S1105,서울 도시철도 1호선+서울 도시철도 6호선,37.57139366,126.9914115,서울교통공사,서울특별시 종로구 종로 지하 129 (종로3가),02-6110-3291,2021-04-09
0320,을지로3가,S1103,서울 도시철도 3호선,Euljiro 3(sam)-ga,乙支路3街,환승역,S1102,서울 도시철도 2호선,37.56634826,126.991482,서울교통공사,서울특별시 중구 을지로 지하 106 (을지로3가),02-6110-3301,2021-04-09
0321,충무로,S1103,서울 도시철도 3호선,Chungmuro,忠武路,환승역,S1104,서울 도시철도 4호선,37.56140209,126.9943556,서울교통공사,서울특별시 중구 퇴계로 지하 199 (필동2가),02-6110-4231,2021-04-09
0322,동대입구,S1103,서울 도시철도 3호선,Dongguk Univ.,東大入口,일반역,,,37.55883276,127.0052813,서울교통공사,서울특별시 중구 동호로 지하 256 (장충동2가),02-6110-3321,2021-04-09
0323,약수,S1103,서울 도시철도 3호선,Yaksu,藥水,일반역,,,37.5544519,127.0104682,서울교통공사,서울특별시 중구 다산로 지하 122 (신당동),02-6110-3331,2021-04-09
0324,금호,S1103,서울 도시철도 3호선,Geumho,金湖,일반역,,,37.54800401,127.0156615,서울교통공사,서울특별시 성동구 동호로 지하 104 (금호동4가),02-6110-3341,2021-04-09
0325,옥수,S1103,서울 도시철도 3호선,Oksu,玉水,환승역,I4107,경의중앙선,37.5414877,127.0177608,서울교통공사,서울특별시 성동구 동호로 21 (옥수동) 옥수역,02-6110-3351,2021-04-09
0326,압구정,S1103,서울 도시철도 3호선,Apgujeong,狎鷗亭,일반역,,,37.52668639,127.0283697,서울교통공사,서울특별시 강남구 압구정로 지하 172 (신사동),02-6110-3361,2021-04-09
0327,신사,S1103,서울 도시철도 3호선,Sinsa,新沙,일반역,,,37.51618776,127.020092,서울교통공사,서울특별시 강남구 도산대로 지하 102 (신사동),02-6110-3371,2021-04-09
0328,잠원,S1103,서울 도시철도 3호선,Jamwon,蠶院,일반역,,,37.51282982,127.0112442,서울교통공사,서울특별시 서초구 잠원로 4길 지하 46 (잠원동),02-6110-3381,2021-04-09
0329,고속터미널,S1103,서울 도시철도 3호선,Express Bus Terminal,高速巴士客運,환승역,S1107+S1109,서울 도시철도 7호선+서울 도시철도 9호선,37.50436623,127.0049403,서울교통공사,서울특별시 서초구 신반포로 지하 188 (반포동),02-6110-3391,2021-04-09
0330,교대,S1103,서울 도시철도 3호선,Seoul Nat`l Univ. of Education,敎大,환승역,S1103,서울 도시철도 3호선,37.49320061,127.0140237,서울교통공사,서울특별시 서초구 서초대로 지하 294 (서초동),02-6110-3401,2021-04-09
0331,남부터미널,S1103,서울 도시철도 3호선,Nambu Bus Terminal,南部巴士客運,일반역,,,37.48482472,127.0161898,서울교통공사,서울특별시 서초구 서초중앙로 지하 31 (서초동),02-6110-3411,2021-04-09
0332,양재,S1103,서울 도시철도 3호선,Yangjae,良才,환승역,I1102,신분당선,37.48381174,127.0345768,서울교통공사,서울특별시 서초구 남부순환로 지하 2585 (서초동),02-6110-3421,2021-04-09
0333,매봉,S1103,서울 도시철도 3호선,Maebong,梅峰,일반역,,,37.48684644,127.0467037,서울교통공사,서울특별시 강남구 남부순환로 지하 2744 (도곡동),02-6110-3431,2021-04-09
0334,도곡,S1103,서울 도시철도 3호선,Dogok,道谷,환승역,I4105,분당선,37.49082524,127.0553484,서울교통공사,서울특별시 강남구 남부순환로 지하 2814 (도곡동),02-6110-3441,2021-04-09
0335,대치,S1103,서울 도시철도 3호선,Daechi,大峙,일반역,,,37.4942795,127.0632665,서울교통공사,서울특별시 강남구 남부순환로 지하 2952 (대치동),02-6110-3451,2021-04-09
0336,학여울,S1103,서울 도시철도 3호선,Hangnyeoul,Hangnyeoul,일반역,,,37.49655351,127.0713676,서울교통공사,서울특별시 강남구 남부순환로 지하 3104 (대치동),02-6110-3461,2021-04-09
0337,대청,S1103,서울 도시철도 3호선,Daecheong,大廳,일반역,,,37.49346096,127.079515,서울교통공사,서울특별시 강남구 일원로 지하 2 (일원동),02-6110-3471,2021-04-09
0338,일원,S1103,서울 도시철도 3호선,Irwon,逸院,일반역,,,37.48382242,127.0843143,서울교통공사,서울특별시 강남구 일원로 지하 121 (일원동),02-6110-3481,2021-04-09
0339,수서,S1103,서울 도시철도 3호선,Suseo,水西,환승역,I4105,분당선,37.48716257,127.101553,서울교통공사,서울특별시 강남구 광평로 지하 270 (수서동),02-6110-3491,2021-04-09
0340,가락시장,S1103,서울 도시철도 3호선,Garak Market,可樂市場,환승역,S1108,서울 도시철도 8호선,37.49276539,127.1178996,서울교통공사,서울특별시 송파구 송파대로 지하 257 (가락동),02-6311-8171,2021-04-09
0341,경찰병원,S1103,서울 도시철도 3호선,National Police Hospital,警察病院,일반역,,,37.49576539,127.1242996,서울교통공사,서울특별시 송파구 중대로 지하 149 (가락동),02-6110-3511,2021-04-09
0342,오금,S1103,서울 도시철도 3호선,Ogeum,梧琴,환승역,S1105,서울 도시철도 5호선,37.50216539,127.1278996,서울교통공사,서울특별시 송파구 오금로 지하 321 (오금동),02-6110-3521,2021-04-09
0409,당고개,S1104,서울 도시철도 4호선,Danggogae,堂嶺,일반역,,,37.67032572,127.0789555,서울교통공사,서울특별시 노원구 상계로 305 (상계동),02-6110-4091,2021-04-09
0410,상계,S1104,서울 도시철도 4호선,Sanggye,上溪,일반역,,,37.66090497,127.0731287,서울교통공사,서울특별시 노원구 상계로 182 (상계동),02-6110-4101,2021-04-09
0411,노원,S1104,서울 도시철도 4호선,Nowon,蘆原,환승역,S1107,서울 도시철도 7호선,37.6551493,127.0624948,서울교통공사,서울특별시 노원구 상계로 69-1 (상계동),02-6110-4111,2021-04-09
0412,창동,S1104,서울 도시철도 4호선,Chang-dong,倉洞,환승역,S1101,서울 도시철도 1호선,37.65312232,127.0476886,서울교통공사,서울특별시 도봉구 마들로 11길 77 (창동),02-6110-4121,2021-04-09
0413,쌍문,S1104,서울 도시철도 4호선,Ssangmun,雙門,일반역,,,37.64853159,127.0345002,서울교통공사,서울특별시 도봉구 도봉로 지하 486-1 (창동),02-6110-4131,2021-04-09
0414,수유,S1104,서울 도시철도 4호선,Suyu,水逾,일반역,,,37.63796529,127.0254433,서울교통공사,서울특별시 강북구 도봉로 지하 50 (미아동),02-6110-4141,2021-04-09
0415,미아,S1104,서울 도시철도 4호선,Mia,彌阿,일반역,,,37.62657144,127.0258287,서울교통공사,서울특별시 강북구 도봉로 지하 198 (미아동),02-6110-4151,2021-04-09
0416,미아사거리,S1104,서울 도시철도 4호선,Miasamgeori,彌阿十字路口,일반역,,,37.61325241,127.0298981,서울교통공사,서울특별시 강북구 도봉로 지하 50 (미아동),02-6110-4161,2021-04-09
0417,길음,S1104,서울 도시철도 4호선,Gireum,吉音,일반역,,,37.6035085,127.0249611,서울교통공사,서울특별시 성북구 동소문로 지하 248 (길음동),02-6110-4171,2021-04-09
0418,성신여대입구,S1104,서울 도시철도 4호선,Sungshin Women`s Univ.,誠信女大入口,환승역,,우이신설,37.5927377,127.0163071,서울교통공사,서울특별시 성북구 동소문로 지하 102 (동선동4가),02-6110-4181,2021-04-09
0419,한성대입구,S1104,서울 도시철도 4호선,Hansung Univ.,漢城大入口,일반역,,,37.58838493,127.0059994,서울교통공사,서울특별시 성북구 삼선교로 지하1 (삼선동1가),02-6110-4191,2021-04-09
0420,혜화,S1104,서울 도시철도 4호선,Hyehwa,惠化,일반역,,,37.58228892,127.0016857,서울교통공사,서울특별시 종로구 대학로 지하 120 (동숭동),02-6110-4201,2021-04-09
0421,동대문,S1104,서울 도시철도 4호선,Dongdaemun,東大門,환승역,S1101,서울 도시철도 1호선,37.57089132,127.0101189,서울교통공사,서울특별시 종로구 율곡로 308,02-6110-4211,2021-04-09
0422,동대문역사문화공원,S1104,서울 도시철도 4호선,Dongdaemun History & Culture Park,東大門歷史文化公園,환승역,S1102+S1105,서울 도시철도 2호선+서울 도시철도 5호선,37.56507829,127.0071679,서울교통공사,서울특별시 중구 장충단로 지하 230 (광희동 2가),02-6110-4221,2021-04-09
0423,충무로,S1104,서울 도시철도 4호선,Chungmuro,忠武路,환승역,S1103,서울 도시철도 3호선,37.56120209,126.9943556,서울교통공사,서울특별시 중구 퇴계로 지하 199 (필동2가),02-6110-4231,2021-04-09
0424,명동,S1104,서울 도시철도 4호선,Myeong-dong,明洞,일반역,,,37.56075073,126.9862482,서울교통공사,서울특별시 중구 퇴계로 지하 126 (충무로2가),02-6110-4241,2021-04-09
0425,회현,S1104,서울 도시철도 4호선,Hoehyeon,會賢,일반역,,,37.55851662,126.9781303,서울교통공사,서울특별시 중구 퇴계로 지하 54 (남창동),02-6110-4251,2021-04-09
0426,서울역,S1104,서울 도시철도 4호선,Seoul Station,首爾站,환승역,S1101+I2801,서울 도시철도 1호선+공항선,37.55356539,126.9724996,서울교통공사,서울특별시 용산구 한강대로 지하 392(동자동),02-6110-4261,2021-04-09
0427,숙대입구,S1104,서울 도시철도 4호선,Sookmyung Women`s Univ.,淑大入口,일반역,,,37.54467788,126.9719943,서울교통공사,서울특별시 용산구 한강대로 지하 306,02-6110-4271,2021-04-09
0428,삼각지,S1104,서울 도시철도 4호선,Samgakji,三角地,환승역,S1106,서울 도시철도 6호선,37.53475857,126.9734308,서울교통공사,서울특별시 용산구 한강대로 지하 180 (한강로1가),02-6110-4281,2021-04-09
0429,신용산,S1104,서울 도시철도 4호선,Sinyongsan,新龍山,일반역,,,37.5292129,126.9677003,서울교통공사,서울특별시 용산구 한강대로 지하 112 (한강로2가),02-6110-4291,2021-04-09
0430,이촌,S1104,서울 도시철도 4호선,Ichon,二村,환승역,I4107,경의중앙선,37.52234094,126.9741382,서울교통공사,서울특별시 용산구 용산동5가 17,02-6110-4301,2021-04-09
0431,동작,S1104,서울 도시철도 4호선,Dongjak,銅雀,환승역,S1109,서울 도시철도 9호선,37.50300413,126.9790224,서울교통공사,서울특별시 동작구 현충로 257 (동작동),02-6110-4311,2021-04-09
0432,총신대입구,S1104,서울 도시철도 4호선,Chongshin Univ.,總神大入口,환승역,S1107,서울 도시철도 7호선,37.48678247,126.981945,서울교통공사,서울특별시 동작구 동작대로 지하 117 (사당동),02-6110-4321,2021-04-09
0433,사당,S1104,서울 도시철도 4호선,Sadang,舍堂,환승역,S1102,서울 도시철도 2호선,37.4767992,126.9814245,서울교통공사,"서울특별시 동작구 동작대로 3(사당동,사당역(4호선))",02-6110-4331,2021-04-09
0434,남태령,S1104,서울 도시철도 4호선,Namtaeryeong,南泰嶺,일반역,,,37.46424858,126.9888363,서울교통공사,서울특별시 서초구 과천대로 지하 816 (방배동),02-6110-4341,2021-04-09
2511,방화,S1105,서울 도시철도 5호선,Banghwa,傍花,일반역,,,37.57729066,126.8127115,서울교통공사,서울특별시 강서구 금낭화로 지하132 (방화동),02-6311-5101,2021-04-09
2512,개화산,S1105,서울 도시철도 5호선,Gaehwasan,開花山,일반역,,,37.57231242,126.8062885,서울교통공사,서울특별시 강서구 양천로 22(방화동),02-6311-5111,2021-04-09
2513,김포공항,S1105,서울 도시철도 5호선,Gimpo Intl. Airport,金浦空港,환승역,S1109+I2801+I4103,서울 도시철도 1호선+공항선+김포골드라인,37.5622601,126.8014703,서울교통공사,서울특별시 강서구 하늘길 지하77 (방화동),02-6311-5121,2021-04-09
2514,송정,S1105,서울 도시철도 5호선,Songjeong,松亭,일반역,,,37.56115795,126.811792,서울교통공사,서울특별시 강서구 공항대로 지하33 (공항동),02-6311-5131,2021-04-09
2515,마곡,S1105,서울 도시철도 5호선,Magok,麻谷,일반역,,,37.56025035,126.8248665,서울교통공사,서울특별시 강서구 공항대로 지하163 (가양동),02-6311-5141,2021-04-09
2516,발산,S1105,서울 도시철도 5호선,Balsan,鉢山,일반역,,,37.55848385,126.837456,서울교통공사,서울특별시 강서구 공항대로 지하267 (가양동),02-6311-5151,2021-04-09
2517,우장산,S1105,서울 도시철도 5호선,Ujangsan,雨裝山,일반역,,,37.54886035,126.8363531,서울교통공사,서울특별시 강서구 강서로 지하262 (화곡동),02-6311-5161,2021-04-09
2518,화곡,S1105,서울 도시철도 5호선,Hwagok,禾谷,일반역,,,37.54175707,126.8402952,서울교통공사,서울특별시 강서구 화곡로 지하168 (화곡동),02-6311-5171,2021-04-09
2519,까치산,S1105,서울 도시철도 5호선,Kkachisan,喜鵲山,환승역,S1102,서울 도시철도 2호선,37.53168373,126.8467432,서울교통공사,서울특별시 강서구 강서로 지하54(화곡동),02-6311-5181,2021-04-09
2520,신정,S1105,서울 도시철도 5호선,Sinjeong,新亭,일반역,,,37.52501081,126.8562294,서울교통공사,서울특별시 양천구 오목로 지하179 (신정동),02-6311-5191,2021-04-09
2521,목동,S1105,서울 도시철도 5호선,Mok-dong,木洞,일반역,,,37.52586671,126.8645757,서울교통공사,서울특별시 양천구 오목로 지하245 (목동),02-6311-5201,2021-04-09
2522,오목교,S1105,서울 도시철도 5호선,Omokgyo,梧木橋,일반역,,,37.52436614,126.8750582,서울교통공사,서울특별시 양천구 오목로 지하342 (목동),02-6311-5211,2021-04-09
2523,양평,S1105,서울 도시철도 5호선,Yangpyeong,楊坪,일반역,,,37.52558457,126.8862032,서울교통공사,서울특별시 영등포구 양산로 지하21(양평동2가),02-6311-5221,2021-04-09
2524,영등포구청,S1105,서울 도시철도 5호선,Yeongdeungpo-gu Office,永登浦區廳,환승역,S1102,서울 도시철도 2호선,37.52524847,126.8958333,서울교통공사,서울특별시 영등포구 당산로 지하 121 (당산동3가),02-6311-5231,2021-04-09
2525,영등포시장,S1105,서울 도시철도 5호선,Yeongdeungpo Market,永登浦市場,일반역,,,37.52274531,126.9047596,서울교통공사,서울특별시 영등포구 양산로 지하200 (영등포동5가),02-6311-5241,2021-04-09
2526,신길,S1105,서울 도시철도 5호선,Singil,新吉,환승역,S1101,서울 도시철도 1호선,37.51742655,126.916543,서울교통공사,서울특별시 영등포구 경인로114가길 지하9 (영등포동1가),02-6311-5251,2021-04-09
2527,여의도,S1105,서울 도시철도 5호선,Yeouido,汝矣島,환승역,S1109,서울 도시철도 9호선,37.52165166,126.9242291,서울교통공사,서울특별시 영등포구 여의나루로 지하40 (여의도동),02-6311-5261,2021-04-09
2528,여의나루,S1105,서울 도시철도 5호선,Yeouinaru,汝矣渡口,일반역,,,37.52707204,126.9328665,서울교통공사,서울특별시 영등포구 여의동로 지하343 (여의도동),02-6311-5271,2021-04-09
2529,마포,S1105,서울 도시철도 5호선,Mapo,麻浦,일반역,,,37.53956668,126.9457536,서울교통공사,서울특별시 마포구 마포대로 지하33 (도화동),02-6311-5281,2021-04-09
2530,공덕,S1105,서울 도시철도 5호선,Gongdeok,孔德,환승역,S1106+I4107+I2801,서울 도시철도 6호선+경의중앙선+공항선,37.54412449,126.9513584,서울교통공사,서울특별시 마포구 마포대로 지하100(공덕동),02-6311-5291,2021-04-09
2531,애오개,S1105,서울 도시철도 5호선,Aeogae,兒嶺,일반역,,,37.5535295,126.956632,서울교통공사,서울특별시 마포구 마포대로 지하210 (아현동),02-6311-5301,2021-04-09
2532,충정로,S1105,서울 도시철도 5호선,Chungjeongno,忠正路,환승역,S1102,서울 도시철도 2호선,37.56022847,126.9636503,서울교통공사,서울특별시 서대문구 충정로 28-1,02-6311-5311,2021-04-09
2533,서대문,S1105,서울 도시철도 5호선,Seodaemun,西大門,일반역,,,37.56573781,126.9665864,서울교통공사,서울특별시 종로구 통일로 지하126 (평동),02-6311-5321,2021-04-09
2534,광화문,S1105,서울 도시철도 5호선,Gwanghwamun,光化門,일반역,,,37.5708165,126.9762129,서울교통공사,서울특별시 종로구 세종대로 지하172 (세종로),02-6311-5331,2021-04-09
2535,종로3가,S1105,서울 도시철도 5호선,Jongno 3(sam)-ga,鍾路三街,환승역,S1101+S1105,서울 도시철도 1호선+서울 도시철도 5호선,37.57139366,126.9912115,서울교통공사,서울특별시 종로구 종로 지하 129 (종로3가),02-6311-5341,2021-04-09
2536,을지로4가,S1105,서울 도시철도 5호선,Euljiro 4(sa)-ga,乙支路四街,환승역,S1102,서울 도시철도 2호선,37.56702797,126.9979016,서울교통공사,서울특별시 중구 을지로 지하 178 (을지로4가),02-6311-5351,2021-04-09
2537,동대문역사문화공원,S1105,서울 도시철도 5호선,Dongdaemun History & Culture Park,東大門歷史文化公園,환승역,S1104+S1105,서울 도시철도 4호선+서울 도시철도 5호선,37.56507829,127.0071679,서울교통공사,서울특별시 중구 을지로 지하 279 (을지로7가),02-6311-5361,2021-04-09
2538,청구,S1105,서울 도시철도 5호선,Cheonggu,靑丘,환승역,S1106,서울 도시철도 6호선,37.56021257,127.0137698,서울교통공사,서울특별시 중구 청구로 지하77(신당동),02-6311-5371,2021-04-09
2539,신금호,S1105,서울 도시철도 5호선,Singeumho,新金湖,일반역,,,37.55440938,127.0205515,서울교통공사,서울특별시 성동구 금호로 지하154 (금호동2가),02-6311-5381,2021-04-09
2540,행당,S1105,서울 도시철도 5호선,Haengdang,杏堂,일반역,,,37.55754312,127.0296931,서울교통공사,서울특별시 성동구 행당로 지하89 (행당동),02-6311-5391,2021-04-09
2541,왕십리,S1105,서울 도시철도 5호선,Wangsimni,往十里,환승역,S1102+I4105+I4107,서울 도시철도 2호선+분당선+경의중앙선,37.56172516,127.0369076,서울교통공사,서울특별시 성동구 왕십리로 지하300 (행당동),02-6311-5401,2021-04-09
2542,마장,S1105,서울 도시철도 5호선,Majang,馬場,일반역,,,37.56620675,127.0429769,서울교통공사,서울특별시 성동구 마장로 지하296 (마장동),02-6311-5411,2021-04-09
2543,답십리,S1105,서울 도시철도 5호선,Dapsimni,踏十里,일반역,,,37.56690598,127.0524701,서울교통공사,서울특별시 성동구 천호대로 지하300(용답동),02-6311-5421,2021-04-09
2544,장한평,S1105,서울 도시철도 5호선,Janghanpyeong,長漢坪,일반역,,,37.56153057,127.0642826,서울교통공사,서울특별시 동대문구 천호대로 지하405 (장안동),02-6311-5431,2021-04-09
2545,군자,S1105,서울 도시철도 5호선,Gunja,君子,환승역,S1107,서울 도시철도 7호선,37.55713392,127.079433,서울교통공사,서울특별시 광진구 천호대로 지하550,02-6311-5441,2021-04-09
2546,아차산,S1105,서울 도시철도 5호선,Achasan,峨嵯山,일반역,,,37.55203633,127.0896015,서울교통공사,서울특별시 광진구 천호대로 지하657,02-6311-5451,2021-04-09
2547,광나루,S1105,서울 도시철도 5호선,Gwangnaru,廣渡口,일반역,,,37.5450481,127.1035121,서울교통공사,서울특별시 광진구 아차산로 지하571 (광장동),02-6311-5461,2021-04-09
2548,천호,S1105,서울 도시철도 5호선,Cheonho,千戶,일반역,,,37.53842355,127.1236234,서울교통공사,서울특별시 강동구 천호대로 지하997 (천호동),02-6311-5471,2021-04-09
2549,강동,S1105,서울 도시철도 5호선,Gangdong,江東,일반역,,,37.53587886,127.132079,서울교통공사,서울특별시 강동구 천호대로 지하1097 (천호동),02-6311-5481,2021-04-09
2550,길동,S1105,서울 도시철도 5호선,Gil-dong,吉洞,일반역,,,37.53794494,127.1400433,서울교통공사,서울특별시 강동구 양재대로 지하1480 (길동),02-6311-5491,2021-04-09
2551,굽은다리,S1105,서울 도시철도 5호선,Gubeundari,曲橋,일반역,,,37.54537927,127.1428116,서울교통공사,서울특별시 강동구 양재대로 지하1572 (명일동),02-6311-5501,2021-04-09
2552,명일,S1105,서울 도시철도 5호선,Myeongil,明逸,일반역,,,37.55149734,127.1439883,서울교통공사,서울특별시 강동구 양재대로 지하1632 (명일동),02-6311-5511,2021-04-09
2553,고덕,S1105,서울 도시철도 5호선,Godeok,高德,일반역,,,37.55503473,127.1540785,서울교통공사,서울특별시 강동구 고덕로 지하253 (고덕동),02-6311-5521,2021-04-09
2554,상일동,S1105,서울 도시철도 5호선,Sangil-dong,上一洞,일반역,,,37.55658759,127.1652632,서울교통공사,서울특별시 강동구 고덕로 지하359 (상일동),02-6311-5531,2021-04-09
2555,둔촌동,S1105,서울 도시철도 5호선,Dunchon-dong,遁村洞,일반역,,,37.52774726,127.136296,서울교통공사,서울특별시 강동구 양재대로 지하1369 (둔촌동),02-6311-5541,2021-04-09
2556,올림픽공원,S1105,서울 도시철도 5호선,Olympic Park,Olympic Park,환승역,S1109,서울 도시철도 9호선,37.51620079,127.1308803,서울교통공사,서울특별시 송파구 양재대로 지하1233,02-6311-5551,2021-04-09
2557,방이,S1105,서울 도시철도 5호선,Bangi,芳荑,일반역,,,37.50865738,127.1260716,서울교통공사,서울특별시 송파구 양재대로 지하1127 (방이동),02-6311-5561,2021-04-09
2558,오금,S1105,서울 도시철도 5호선,Ogeum,梧琴,환승역,S1103,서울 도시철도 3호선,37.50196105,127.1277379,서울교통공사,서울특별시 송파구 오금로 지하 321 (오금동),02-6110-3521,2021-04-09
2559,개롱,S1105,서울 도시철도 5호선,Gaerong,開籠,일반역,,,37.49782678,127.1348328,서울교통공사,서울특별시 송파구 오금로 지하402 (가락동),02-6311-5581,2021-04-09
2560,거여,S1105,서울 도시철도 5호선,Geoyeo,巨余,일반역,,,37.49316744,127.1436672,서울교통공사,서울특별시 송파구 오금로 지하499(거여동),02-6311-5591,2021-04-09
2561,마천,S1105,서울 도시철도 5호선,Macheon,馬川,일반역,,,37.49495884,127.152476,서울교통공사,서울특별시 송파구 마천로57길 지하7(마천동),02-6311-5601,2021-04-09
2611,응암,S1106,서울 도시철도 6호선,Eungam,鷹岩,일반역,,,37.59853005,126.9155088,서울교통공사,서울특별시 은평구 증산로 지하477 (역촌동),02-6311-6101,2021-04-09
2612,역촌,S1106,서울 도시철도 6호선,Yeokchon,驛村,일반역,,,37.60625985,126.9227732,서울교통공사,서울특별시 은평구 서오릉로 지하63 (녹번동),02-6311-6111,2021-04-09
2613,불광,S1106,서울 도시철도 6호선,Bulgwang,佛光,환승역,S1103,서울 도시철도 3호선,37.61033354,126.9298281,서울교통공사,서울특별시 은평구 통일로 지하 723-1 (대조동),02-6311-6121,2021-04-09
2614,독바위,S1106,서울 도시철도 6호선,Dokbawi,瓮岩,일반역,,,37.61844071,126.9329961,서울교통공사,서울특별시 은평구 불광로 지하129-1 (불광동),02-6311-6131,2021-04-09
2615,연신내,S1106,서울 도시철도 6호선,Yeonsinnae,延臣川,환승역,S1103,서울 도시철도 3호선,37.61881292,126.9206158,서울교통공사,서울특별시 은평구 통일로 지하 849 (갈현동),02-6311-6141,2021-04-09
2616,구산,S1106,서울 도시철도 6호선,Gusan,龜山,일반역,,,37.61125852,126.9171923,서울교통공사,서울특별시 은평구 연서로 지하137-1(구산동),02-6311-6151,2021-04-09
2617,새절,S1106,서울 도시철도 6호선,Saejeol,Saejeol,일반역,,,37.59099413,126.9136601,서울교통공사,서울특별시 은평구 증산로 지하400 (신사동,02-6311-6161,2021-04-09
2618,증산,S1106,서울 도시철도 6호선,Jeungsan,繒山,일반역,,,37.58375597,126.9094115,서울교통공사,서울특별시 은평구 증산로 지하306(증산동),02-6311-6171,2021-04-09
2619,디지털미디어시티,S1106,서울 도시철도 6호선,Digital Media City,數碼媒體城,환승역,I4107+I2801,경의중앙선+공항선,37.57663026,126.8996845,서울교통공사,서울특별시 은평구 수색로 지하175 (증산동),02-6311-6181,2021-04-09
2620,월드컵경기장,S1106,서울 도시철도 6호선,World Cup Stadium,世界杯競技場,일반역,,,37.56938269,126.8990612,서울교통공사,서울특별시 마포구 월드컵로 지하240 (성산동),02-6311-6191,2021-04-09
2621,마포구청,S1106,서울 도시철도 6호선,Mapo-gu Office,麻浦區廳,일반역,,,37.56350657,126.9031935,서울교통공사,서울특별시 마포구 월드컵로 지하190 (성산동),02-6311-6201,2021-04-09
2622,망원,S1106,서울 도시철도 6호선,Mangwon,望遠,일반역,,,37.55594386,126.9098166,서울교통공사,서울특별시 마포구 월드컵로 지하77 (망원동),02-6311-6211,2021-04-09
2623,합정,S1106,서울 도시철도 6호선,Hapjeong,合井,환승역,S1102,서울 도시철도 2호선,37.54979888,126.9141239,서울교통공사,서울특별시 마포구 양화로 지하 45,02-6311-6221,2021-04-09
2624,상수,S1106,서울 도시철도 6호선,Sangsu,上水,일반역,,,37.54776978,126.9225838,서울교통공사,서울특별시 마포구 독막로 지하85 (상수동),02-6311-6231,2021-04-09
2625,광흥창,S1106,서울 도시철도 6호선,Gwangheungchang,廣興倉,일반역,,,37.54746977,126.9318177,서울교통공사,서울특별시 마포구 독막로 지하 165,02-6311-6241,2021-04-09
2626,대흥,S1106,서울 도시철도 6호선,Daeheung,大興,일반역,,,37.54766489,126.9422206,서울교통공사,서울특별시 마포구 대흥로 지하 85,02-6311-6251,2021-04-09
2627,공덕,S1106,서울 도시철도 6호선,Gongdeok,孔德,환승역,S1105+I4107+I2801,서울 도시철도 5호선+경의중앙선+공항선,37.54354807,126.9518977,서울교통공사,서울특별시 마포구 백범로 지하 200(공덕동),02-6311-5291,2021-04-09
2628,효창공원앞,S1106,서울 도시철도 6호선,Hyochang park,孝昌公園,환승역,I4107,경의중앙선,37.539542,126.961371,서울교통공사,서울특별시 용산구 백범로 지하287 (효창동),02-6311-6271,2021-04-09
2629,삼각지,S1106,서울 도시철도 6호선,Samgakji,三角地,환승역,S1104,서울 도시철도 4호선,37.53471155,126.9733777,서울교통공사,서울특별시 용산구 한강대로 지하 180 (한강로1가),02-6311-6281,2021-04-09
2630,녹사평,S1106,서울 도시철도 6호선,Noksapyeong,綠莎坪,일반역,,,37.53464201,126.9867518,서울교통공사,서울특별시 용산구 녹사평대로 지하195 (용산동4가),02-6311-6291,2021-04-09
2631,이태원,S1106,서울 도시철도 6호선,Itaewon,梨泰院,일반역,,,37.53449861,126.994038,서울교통공사,서울특별시 용산구 이태원로 지하177(이태원동),02-6311-6301,2021-04-09
2632,한강진,S1106,서울 도시철도 6호선,Hangangjin,漢江鎭,일반역,,,37.53974445,127.0014826,서울교통공사,서울특별시 용산구 이태원로 지하287 (한남동),02-6311-6311,2021-04-09
2633,버티고개,S1106,서울 도시철도 6호선,Beotigogae,波堤通,일반역,,,37.54806951,127.0066086,서울교통공사,서울특별시 중구 다산로 지하38 (신당동),02-6311-6321,2021-04-09
2634,약수,S1106,서울 도시철도 6호선,Yaksu,藥水,환승역,S1103,서울 도시철도 3호선,37.5542519,127.0104682,서울교통공사,서울특별시 중구 다산로 지하 155 (신당동),02-6311-6331,2021-04-09
2635,청구,S1106,서울 도시철도 6호선,Cheonggu,靑丘,환승역,S1105,서울 도시철도 5호선,37.56021257,127.0135698,서울교통공사,서울특별시 중구 청구로 지하77(신당동),02-6311-5371,2021-04-09
2636,신당,S1106,서울 도시철도 6호선,Sindang,新堂,환승역,S1102,서울 도시철도 2호선,37.56582912,127.0181023,서울교통공사,서울특별시 중구 퇴계로 지하 431-1 (신당동),02-6311-6351,2021-04-09
2637,동묘앞,S1106,서울 도시철도 6호선,Dongmyo,東廟,환승역,S1101,서울 도시철도 1호선,37.57226031,127.0158732,서울교통공사,서울특별시 종로구 종로 359 (숭인동),02-6311-6361,2021-04-09
2638,창신,S1106,서울 도시철도 6호선,Changsin,昌信,일반역,,,37.57934562,127.0151078,서울교통공사,서울특별시 종로구 지봉로 지하112 (창신동),02-6311-6371,2021-04-09
2639,보문,S1106,서울 도시철도 6호선,Bomun,普門,환승역,,우이신설,37.58543035,127.0192192,서울교통공사,서울특별시 성북구 보문로 지하116 (보문동1가),02-6311-6381,2021-04-09
2640,안암,S1106,서울 도시철도 6호선,Anam,安岩,일반역,,,37.58623045,127.0292203,서울교통공사,서울특별시 성북구 고려대로 지하89 (안암동5가),02-6311-6391,2021-04-09
2641,고려대,S1106,서울 도시철도 6호선,Korea Univ.,高麗大,일반역,,,37.59033908,127.0358642,서울교통공사,서울특별시 성북구 종암로 지하1 (종암동),02-6311-6401,2021-04-09
2642,월곡,S1106,서울 도시철도 6호선,Wolgok,月谷,일반역,,,37.6020753,127.0414221,서울교통공사,서울특별시 성북구 월곡로 지하107 (하월곡동),02-6311-6411,2021-04-09
2643,상월곡,S1106,서울 도시철도 6호선,Sangwolgok,上月谷,일반역,,,37.60632242,127.0485887,서울교통공사,서울특별시 성북구 화랑로 지하157 (상월곡동),02-6311-6421,2021-04-09
2644,돌곶이,S1106,서울 도시철도 6호선,Dolgoji,多爾谷齊,일반역,,,37.61052771,127.0564482,서울교통공사,서울특별시 성북구 화랑로 지하243 (석관동),02-6311-6431,2021-04-09
2645,석계,S1106,서울 도시철도 6호선,Seokgye,石溪,환승역,S1101,서울 도시철도 1호선,37.61498323,127.0655612,서울교통공사,서울특별시 노원구 화랑로 지하347-1 (월계동),02-6311-6441,2021-04-09
2646,태릉입구,S1106,서울 도시철도 6호선,Taereung,泰陵,환승역,S1107,서울 도시철도 7호선,37.61796533,127.0748937,서울교통공사,서울특별시 노원구 동일로 지하992-1 (공릉동),02-6311-7171,2021-04-09
2647,화랑대,S1106,서울 도시철도 6호선,Hwarangdae,花郞臺,일반역,,,37.62013061,127.0844264,서울교통공사,서울특별시 노원구 화랑로 지하510,02-6311-6461,2021-04-09
2648,봉화산,S1106,서울 도시철도 6호선,Bonghwasan,烽火山,일반역,,,37.61747193,127.0910857,서울교통공사,서울특별시 중랑구 신내로 지하232 (신내동),02-6311-6471,2021-04-09
2649,신내,S1106,서울 도시철도 6호선,Sinnae,新內,환승역,I4109,경춘선,37.61264135,127.103395,서울교통공사,서울특별시 중랑구 용마산로136길 33,02-6311-6481,2021-04-09
2711,장암,S1107,서울 도시철도 7호선,Jangam,長岩,일반역,,,37.69984712,127.0527785,서울교통공사,경기도 의정부시 동일로 121 (장암동),02-6311-7091,2021-04-09
2712,도봉산,S1107,서울 도시철도 7호선,Dobongsan,道峰山,환승역,S1101,서울 도시철도 1호선,37.68923188,127.0461005,서울교통공사,서울특별시 도봉구 도봉로 964-40 (도봉동),02-6311-7101,2021-04-09
2713,수락산,S1107,서울 도시철도 7호선,Suraksan,水落山,일반역,,,37.67791554,127.0552343,서울교통공사,서울특별시 노원구 동일로 지하1662 (상계동),02-6311-7111,2021-04-09
2714,마들,S1107,서울 도시철도 7호선,Madeul,馬得,일반역,,,37.66516233,127.0573337,서울교통공사,서울특별시 노원구 동일로 지하1530-1 (상계동),02-6311-7121,2021-04-09
2715,노원,S1107,서울 도시철도 7호선,Nowon,蘆原,환승역,S1104,서울 도시철도 4호선,37.65496036,127.0620053,서울교통공사,서울특별시 노원구 상계로 69-1 (상계동),02-6311-7131,2021-04-09
2716,중계,S1107,서울 도시철도 7호선,Junggye,中溪,일반역,,,37.64521691,127.0640831,서울교통공사,서울특별시 노원구 동일로 지하1308-1 (중계동),02-6311-7141,2021-04-09
2717,하계,S1107,서울 도시철도 7호선,Hagye,下溪,일반역,,,37.63642687,127.0678149,서울교통공사,서울특별시 노원구 동일로 지하1196(하계동),02-6311-7151,2021-04-09
2718,공릉,S1107,서울 도시철도 7호선,Gongneung,孔陵,일반역,,,37.62551321,127.0728236,서울교통공사,서울특별시 노원구 동일로 지하1074,02-6311-7161,2021-04-09
2719,태릉입구,S1107,서울 도시철도 7호선,Taereung,泰陵,환승역,S1106,서울 도시철도 6호선,37.61816533,127.0746937,서울교통공사,서울특별시 노원구 동일로 지하992-1 (공릉동),02-6311-7171,2021-04-09
2720,먹골,S1107,서울 도시철도 7호선,Meokgol,墨谷,일반역,,,37.61073429,127.0775891,서울교통공사,서울특별시 중랑구 동일로 지하901 (묵동),02-6311-7181,2021-04-09
2721,중화,S1107,서울 도시철도 7호선,Junghwa,中和,일반역,,,37.60251645,127.079253,서울교통공사,서울특별시 중랑구 동일로 지하797 (중화동),02-6311-7191,2021-04-09
2722,상봉,S1107,서울 도시철도 7호선,Sangbong,上鳳,환승역,I4107+I4109,경의중앙선+경춘선,37.59608092,127.0853862,서울교통공사,서울특별시 중랑구 망우로 지하 297,02-6311-7201,2021-04-09
2723,면목,S1107,서울 도시철도 7호선,Myeonmok,面牧,일반역,,,37.58852412,127.0874251,서울교통공사,"서울특별시 중랑구 면목로 지하407(면목동,면목역)",02-6311-7211,2021-04-09
2724,사가정,S1107,서울 도시철도 7호선,Sagajeong,四佳亭,일반역,,,37.58101455,127.0884688,서울교통공사,서울특별시 중랑구 사가정로 지하393 (면목동),02-6311-7221,2021-04-09
2725,용마산,S1107,서울 도시철도 7호선,Yongmasan,龍馬山,일반역,,,37.5736549,127.0865586,서울교통공사,서울특별시 중랑구 용마산로 지하227(면목동),02-6311-7231,2021-04-09
2726,중곡,S1107,서울 도시철도 7호선,Junggok,中谷,일반역,,,37.56568111,127.0841504,서울교통공사,서울특별시 광진구 능동로 지하417 (중곡동),02-6311-7241,2021-04-09
2727,군자,S1107,서울 도시철도 7호선,Gunja,君子,환승역,S1105,서울 도시철도 5호선,37.55713392,127.079433,서울교통공사,서울특별시 광진구 천호대로 지하550,02-6311-5441,2021-04-09
2728,어린이대공원,S1107,서울 도시철도 7호선,Children`s  Grand Park,兒童大公園,일반역,,,37.54780394,127.0745637,서울교통공사,서울특별시 광진구 능동로 지하210(화양동),02-6311-7261,2021-04-09
2729,건대입구,S1107,서울 도시철도 7호선,Konkuk Univ.,建大入口,환승역,S1102,서울 도시철도 2호선,37.54060889,127.0698628,서울교통공사,서울특별시 광진구 능동로110(화양동6-3),02-6311-7271,2021-04-09
2730,뚝섬유원지,S1107,서울 도시철도 7호선,Ttukseom Park,,일반역,,,37.53125616,127.0666673,서울교통공사,서울특별시 광진구 능동로 10 (자양동),02-6311-7281,2021-04-09
2731,청담,S1107,서울 도시철도 7호선,Cheongdam,淸潭,일반역,,,37.5195959,127.0537514,서울교통공사,서울특별시 강남구 학동로 지하508 (청담동),02-6311-7291,2021-04-09
2732,강남구청,S1107,서울 도시철도 7호선,Gangnam-gu Office,江南區廳,환승역,I4105,분당선,37.51714842,127.0411628,서울교통공사,서울특별시 강남구 학동로 지하346 (삼성동),02-6311-7301,2021-04-09
2733,학동,S1107,서울 도시철도 7호선,Hak-dong,鶴洞,일반역,,,37.51428621,127.0317362,서울교통공사,서울특별시 강남구 학동로 지하180(논현동),02-6311-7311,2021-04-09
2734,논현,S1107,서울 도시철도 7호선,Nonhyeon,論峴,일반역,,,37.51118691,127.0212831,서울교통공사,서울특별시 강남구 학동로 지하102(논현동),02-6311-7321,2021-04-09
2735,반포,S1107,서울 도시철도 7호선,Banpo,盤浦,일반역,,,37.50820769,127.011532,서울교통공사,서울특별시 서초구 신반포로 지하241(잠원동),02-6311-7331,2021-04-09
2736,고속터미널,S1107,서울 도시철도 7호선,Express Bus Terminal,高速巴士客運,환승역,S1103+S1109,서울 도시철도 3호선+서울 도시철도 9호선,37.50436623,127.0045403,서울교통공사,서울특별시 서초구 신반포로 지하 188 (반포동),02-6311-7341,2021-04-09
2737,내방,S1107,서울 도시철도 7호선,Naebang,內方,일반역,,,37.4875118,126.9932223,서울교통공사,서울특별시 서초구 서초대로 지하103 (방배동),02-6311-7351,2021-04-09
2738,이수,S1107,서울 도시철도 7호선,Isu,梨水,환승역,S1104,서울 도시철도 4호선,37.48658247,126.981745,서울교통공사,서울특별시 동작구 사당로 지하310 (사당동),02-6311-7361,2021-04-09
2739,남성,S1107,서울 도시철도 7호선,Namseong,南城,일반역,,,37.48453469,126.9712351,서울교통공사,서울특별시 동작구 사당로 지하218 (사당동),02-6311-7371,2021-04-09
2740,숭실대입구,S1107,서울 도시철도 7호선,Soongsil Univ.,崇實大入口,일반역,,,37.4961804,126.9534722,서울교통공사,서울특별시 동작구 상도로 지하 378,02-6311-7381,2021-04-09
2741,상도,S1107,서울 도시철도 7호선,Sangdo,上道,일반역,,,37.50285237,126.9477417,서울교통공사,서울특별시 동작구 상도로 지하272(상도1동),02-6311-7392,2021-04-09
2742,장승배기,S1107,서울 도시철도 7호선,Jangseungbaegi,長丞拜基,일반역,,,37.50482108,126.9388623,서울교통공사,서울특별시 동작구 상도로 지하188(상도동),02-6311-7401,2021-04-09
2743,신대방삼거리,S1107,서울 도시철도 7호선,Sindaebangsamgeori,新大方丁字路口,일반역,,,37.49968797,126.9280519,서울교통공사,서울특별시 동작구 상도로 지하76 (대방동),02-6311-7411,2021-04-09
2744,보라매,S1107,서울 도시철도 7호선,Boramae,波拉梅,일반역,,,37.49989004,126.9203052,서울교통공사,서울특별시 동작구 상도로 지하2(대방동),02-6311-7421,2021-04-09
2745,신풍,S1107,서울 도시철도 7호선,Sinpung,新豊,일반역,,,37.50008919,126.9098598,서울교통공사,서울특별시 영등포구 신풍로 지하27(신길동),02-6311-7431,2021-04-09
2746,대림,S1107,서울 도시철도 7호선,Daerim,大林,환승역,S1102,서울 도시철도 2호선,37.49307207,126.8959105,서울교통공사,서울특별시 영등포구 도림로 지하137,02-6311-7441,2021-04-09
2747,남구로,S1107,서울 도시철도 7호선,Namguro,南九老,일반역,,,37.48613283,126.8873355,서울교통공사,서울특별시 구로구 도림로 지하7(구로동),02-6311-7451,2021-04-09
2748,가산디지털단지,S1107,서울 도시철도 7호선,Gasan Digital Complex,加山數碼團地,환승역,S1101,서울 도시철도 1호선,37.48121776,126.8825816,서울교통공사,서울특별시 금천구 벚꽃로 309 (가산동),02-6311-7461,2021-04-09
2749,철산,S1107,서울 도시철도 7호선,Cheolsan,鐵山,일반역,,,37.47611739,126.8680062,서울교통공사,경기도 광명시 철산로 지하13 (철산동),02-6311-7471,2021-04-09
2750,광명사거리,S1107,서울 도시철도 7호선,Gwangmyeongsageori,光明十字路口,일반역,,,37.47941898,126.8547278,서울교통공사,경기도 광명시 오리로 지하980(광명동),02-6311-7481,2021-04-09
2751,천왕,S1107,서울 도시철도 7호선,Cheonwang,天旺,일반역,,,37.48661459,126.8386245,서울교통공사,서울특별시 구로구 오리로 지하1154(오류동),02-6311-7491,2021-04-09
2752,온수,S1107,서울 도시철도 7호선,Onsu,溫水,환승역,S1101,서울 도시철도 1호선,37.49215924,126.8237047,서울교통공사,서울특별시 구로구 경인로3길 지하64 (온수동),02-6311-7501,2021-04-09
2753,까치울,S1107,서울 도시철도 7호선,Kkachiul,鵲洞,일반역,,,37.50632983,126.8113309,서울교통공사,경기도 부천시 길주로 626,02-6311-7511,2021-04-09
2754,부천종합운동장,S1107,서울 도시철도 7호선,Bucheon Stadium,富川綜合運動場,일반역,,,37.50544153,126.7972468,서울교통공사,경기도 부천시 길주로 지하 502,02-6311-7521,2021-04-09
2755,춘의,S1107,서울 도시철도 7호선,Chunui,春衣,일반역,,,37.50372821,126.7868467,서울교통공사,경기도 부천시 길주로 지하 406,02-6311-7531,2021-04-09
2756,신중동,S1107,서울 도시철도 7호선,Sinjung-dong,新中洞,일반역,,,37.50308369,126.776328,서울교통공사,경기도 부천시 길주로 314,02-6311-7541,2021-04-09
2757,부천시청,S1107,서울 도시철도 7호선,Bucheon City Hall,富川市廳,일반역,,,37.50454132,126.7637332,서울교통공사,경기도 부천시 길주로 202,02-6311-7551,2021-04-09
2758,상동,S1107,서울 도시철도 7호선,Sang-dong,上洞,일반역,,,37.50570416,126.7529908,서울교통공사,경기도 부천시 길주로 104,02-6311-7561,2021-04-09
2759,삼산체육관,S1107,서울 도시철도 7호선,Samsan Gymnasium,三山體育館,일반역,,,37.50636043,126.7417749,서울교통공사,인천광역시 부평구 길주로 지하713 (삼산동),02-6311-7571,2021-04-09
2760,굴포천,S1107,서울 도시철도 7호선,Gulpocheon,掘浦川,일반역,,,37.50708334,126.7311071,서울교통공사,인천광역시 부평구 길주로 지하623 (삼산동),02-6311-7581,2021-04-09
2761,부평구청,S1107,서울 도시철도 7호선,Bupyeong-gu Office,富平區廳,환승역,S2801,인천 도시철도 1호선,37.50795782,126.7211284,서울교통공사,인천광역시 부평구 길주로 지하527(갈산동),02-6311-7591,2021-04-09
2811,암사,S1108,서울 도시철도 8호선,Amsa,岩寺,일반역,,,37.54997529,127.1274183,서울교통공사,서울특별시 강동구 올림픽로 지하776 (암사동),02-6311-8101,2021-04-09
2812,천호,S1108,서울 도시철도 8호선,Cheonho,千戶,환승역,S1105,서울 도시철도 5호선,37.53842355,127.1236234,서울교통공사,서울특별시 강동구 천호대로 지하997 (천호동),02-6311-5471,2021-04-09
2813,강동구청,S1108,서울 도시철도 8호선,Gangdong-gu Office,江東區廳,일반역,,,37.53047081,127.1202691,서울교통공사,서울특별시 강동구 올림픽로 지하550 (성내동),02-6311-8121,2021-04-09
2814,몽촌토성,S1108,서울 도시철도 8호선,Mongchontoseong,夢村土城,일반역,,,37.51742473,127.1123921,서울교통공사,서울특별시 송파구 올림픽로 지하383,02-6311-8131,2021-04-09
2815,잠실,S1108,서울 도시철도 8호선,Jamsil,蠶室,환승역,S1102,서울 도시철도 2호선,37.51386481,127.1024965,서울교통공사,서울특별시 송파구 올림픽로 지하 265 (잠실동),02-6311-8141,2021-04-09
2816,석촌,S1108,서울 도시철도 8호선,Seokchon,石村,환승역,S1109,서울 도시철도 9호선,37.50535113,127.1069303,서울교통공사,서울특별시 송파구 송파대로 지하439(석촌동),02-6311-8151,2021-04-09
2817,송파,S1108,서울 도시철도 8호선,Songpa,松坡,일반역,,,37.4997227,127.1118647,서울교통공사,서울특별시 송파구 송파대로 지하354 (가락동),02-6311-8161,2021-04-09
2818,가락시장,S1108,서울 도시철도 8호선,Garak Market,可樂市場,환승역,S1103,서울 도시철도 3호선,37.49292332,127.1180741,서울교통공사,서울특별시 송파구 송파대로 지하 257 (가락동),02-6311-8171,2021-04-09
2819,문정,S1108,서울 도시철도 8호선,Munjeong,文井,일반역,,,37.4859849,127.1222272,서울교통공사,서울특별시 송파구 송파대로 지하179 (문정동),02-6311-8181,2021-04-09
2820,장지,S1108,서울 도시철도 8호선,Jangji,長旨,일반역,,,37.47839756,127.1260529,서울교통공사,서울특별시 송파구 송파대로 지하82(장지동),02-6311-8191,2021-04-09
2821,복정,S1108,서울 도시철도 8호선,Bokjeong,福井,환승역,I4105,분당선,37.47008981,127.1264714,서울교통공사,서울특별시 송파구 송파대로 지하6 (장지동),02-6311-8201,2021-04-09
2822,산성,S1108,서울 도시철도 8호선,Sanseong,山城,일반역,,,37.45668074,127.1498131,서울교통공사,경기도 성남시 수정구 수정로 지하365(신흥동),02-6311-8211,2021-04-09
2823,남한산성입구,S1108,서울 도시철도 8호선,Namhansanseong,南漢山城入口,일반역,,,37.45156254,127.1597963,서울교통공사,경기도 성남시 수정구 산성대로 지하 445,02-6311-8221,2021-04-09
2824,단대오거리,S1108,서울 도시철도 8호선,Dandaeogeori,Dandaeogeori,일반역,,,37.44512808,127.1566517,서울교통공사,경기도 성남시 수정구 산성대로 지하365 (신흥동),02-6311-8231,2021-04-09
2825,신흥,S1108,서울 도시철도 8호선,Sinheung,新興,일반역,,,37.44088706,127.1473884,서울교통공사,경기도 성남시 수정구 산성대로 지하280 (신흥동),02-6311-8241,2021-04-09
2826,수진,S1108,서울 도시철도 8호선,Sujin,壽進,일반역,,,37.43732537,127.1406475,서울교통공사,경기도 성남시 수정구 산성대로 지하200 (수진동),02-6311-8251,2021-04-09
2827,모란,S1108,서울 도시철도 8호선,Moran,牡丹,환승역,I4105,분당선,37.43291644,127.1294298,서울교통공사,경기도 성남시 수정구 산성대로 지하100 (수진동),02-6311-8261,2021-04-09
4126,언주,S1109,서울 도시철도 9호선,Eonju,彦州,일반역,,,37.50744596,127.0342849,서울교통공사,서울특별시 강남구 봉은사로 지하 201,02-2656-0926,2021-04-09
4127,선정릉,S1109,서울 도시철도 9호선,Seonjeongneung,宣靖陵,환승역,I4105,분당선,37.51085355,127.043641,서울교통공사,서울특별시 강남구 선릉로 지하 580,02-2656-0927,2021-04-09
4128,삼성중앙,S1109,서울 도시철도 9호선,Samseong Jungang,三成中央,일반역,,,37.51288248,127.052705,서울교통공사,서울특별시 강남구 봉은사로 지하 501,02-2656-0928,2021-04-09
4129,봉은사,S1109,서울 도시철도 9호선,Bongeunsa,奉恩寺,일반역,,,37.51436096,127.0608922,서울교통공사,서울특별시 강남구 봉은사로 지하 601,02-2656-0929,2021-04-09
4130,종합운동장,S1109,서울 도시철도 9호선,Sports Complex,綜合運動場,환승역,S1102,서울 도시철도 2호선,37.51096913,127.0733558,서울교통공사,서울특별시 송파구 올림픽로 지하 23,02-2656-0930,2021-04-09
4131,삼전,S1109,서울 도시철도 9호선,Samjeon,三 田,일반역,,,37.50474464,127.0877814,서울교통공사,서울특별시 송파구 백제고분로 187,02-2656-0931,2021-04-09
4132,석촌고분,S1109,서울 도시철도 9호선,Seokchon Gobun,石村古墳,일반역,,,37.50202826,127.0966224,서울교통공사,서울특별시 송파구 삼학사로 53,02-2656-0932,2021-04-09
4133,석촌,S1109,서울 도시철도 9호선,Seokchon(Hansol Hospital),石村,환승역,S1108,서울 도시철도 8호선,37.50594926,127.1063458,서울교통공사,서울특별시 송파구 송파대로 439,02-2656-0933,2021-04-09
4134,송파나루,S1109,서울 도시철도 9호선,Songpanaru,松坡나루,일반역,,,37.51012026,127.1131234,서울교통공사,서울특별시 송파구 오금로 165,02-2656-0934,2021-04-09
4135,한성백제,S1109,서울 도시철도 9호선,Hanseong Baekje,漢城百?,일반역,,,37.51686537,127.118185,서울교통공사,서울특별시 송파구 위례성대로 51,02-2656-0935,2021-04-09
4136,올림픽공원,S1109,서울 도시철도 9호선,Olympic Park,올림픽公園(韓國體大),환승역,S1105,서울 도시철도 5호선,37.51608795,127.1306004,서울교통공사,서울특별시 송파구 양재대로 1233,02-2656-0936,2021-04-09
4137,둔촌오륜,S1109,서울 도시철도 9호선,Dunchon Oryun,遁村五輪,일반역,,,37.51797547,127.1401702,서울교통공사,서울특별시 송파구 강동대로 327,02-2656-0937,2021-04-09
4138,중앙보훈병원,S1109,서울 도시철도 9호선,VHS Medical Center,中央報?病院,일반역,,,37.52961418,127.142757,서울교통공사,서울특별시 강동구 명일로 117,02-2656-0938,2021-04-09
